{
  "name": "roar",
  "displayName": "roar",
  "createdAt": "2025-07-05T09:43:27.819Z",
  "imageCount": 14,
  "mouthShapeMap": {
    "silence": [
      {
        "name": "Neutral",
        "file": {},
        "index": 6,
        "phonemes": [
          "silence",
          "pause"
        ],
        "description": "Closed mouth for silence"
      }
    ],
    "consonants": [
      {
        "name": "D",
        "file": {},
        "index": 1,
        "phonemes": [
          "d",
          "t",
          "n",
          "l"
        ],
        "description": "Tongue to roof of mouth"
      },
      {
        "name": "F",
        "file": {},
        "index": 3,
        "phonemes": [
          "f",
          "v"
        ],
        "description": "Lower lip to upper teeth"
      },
      {
        "name": "L",
        "file": {},
        "index": 4,
        "phonemes": [
          "l"
        ],
        "description": "Tongue visible"
      },
      {
        "name": "M",
        "file": {},
        "index": 5,
        "phonemes": [
          "m",
          "p",
          "b"
        ],
        "description": "Lips pressed together"
      },
      {
        "name": "R",
        "file": {},
        "index": 8,
        "phonemes": [
          "r"
        ],
        "description": "Pursed lips for R sound"
      },
      {
        "name": "S",
        "file": {},
        "index": 9,
        "phonemes": [
          "s",
          "z",
          "th"
        ],
        "description": "Tongue against teeth"
      },
      {
        "name": "W-Oo",
        "file": {},
        "index": 13,
        "phonemes": [
          "w",
          "oo",
          "qu"
        ],
        "description": "Very rounded lips"
      }
    ],
    "vowels": [
      {
        "name": "Aa",
        "file": {},
        "index": 0,
        "phonemes": [
          "aa",
          "a",
          "ah"
        ],
        "description": "Open mouth for vowels"
      },
      {
        "name": "Ee",
        "file": {},
        "index": 2,
        "phonemes": [
          "ee",
          "i",
          "y"
        ],
        "description": "Wide smile shape"
      },
      {
        "name": "Oh",
        "file": {},
        "index": 7,
        "phonemes": [
          "oh",
          "o",
          "aw"
        ],
        "description": "Rounded lips"
      },
      {
        "name": "Uh",
        "file": {},
        "index": 12,
        "phonemes": [
          "uh",
          "u",
          "er"
        ],
        "description": "Neutral open mouth"
      }
    ],
    "expressions": [
      {
        "name": "Smile",
        "file": {},
        "index": 10,
        "phonemes": [
          "smile",
          "happy"
        ],
        "description": "Happy expression"
      },
      {
        "name": "Surprised",
        "file": {},
        "index": 11,
        "phonemes": [
          "surprised",
          "shock"
        ],
        "description": "Wide open mouth"
      }
    ],
    "all": [
      {
        "name": "Aa",
        "file": {},
        "index": 0,
        "phonemes": [
          "aa",
          "a",
          "ah"
        ],
        "description": "Open mouth for vowels"
      },
      {
        "name": "D",
        "file": {},
        "index": 1,
        "phonemes": [
          "d",
          "t",
          "n",
          "l"
        ],
        "description": "Tongue to roof of mouth"
      },
      {
        "name": "Ee",
        "file": {},
        "index": 2,
        "phonemes": [
          "ee",
          "i",
          "y"
        ],
        "description": "Wide smile shape"
      },
      {
        "name": "F",
        "file": {},
        "index": 3,
        "phonemes": [
          "f",
          "v"
        ],
        "description": "Lower lip to upper teeth"
      },
      {
        "name": "L",
        "file": {},
        "index": 4,
        "phonemes": [
          "l"
        ],
        "description": "Tongue visible"
      },
      {
        "name": "M",
        "file": {},
        "index": 5,
        "phonemes": [
          "m",
          "p",
          "b"
        ],
        "description": "Lips pressed together"
      },
      {
        "name": "Neutral",
        "file": {},
        "index": 6,
        "phonemes": [
          "silence",
          "pause"
        ],
        "description": "Closed mouth for silence"
      },
      {
        "name": "Oh",
        "file": {},
        "index": 7,
        "phonemes": [
          "oh",
          "o",
          "aw"
        ],
        "description": "Rounded lips"
      },
      {
        "name": "R",
        "file": {},
        "index": 8,
        "phonemes": [
          "r"
        ],
        "description": "Pursed lips for R sound"
      },
      {
        "name": "S",
        "file": {},
        "index": 9,
        "phonemes": [
          "s",
          "z",
          "th"
        ],
        "description": "Tongue against teeth"
      },
      {
        "name": "Smile",
        "file": {},
        "index": 10,
        "phonemes": [
          "smile",
          "happy"
        ],
        "description": "Happy expression"
      },
      {
        "name": "Surprised",
        "file": {},
        "index": 11,
        "phonemes": [
          "surprised",
          "shock"
        ],
        "description": "Wide open mouth"
      },
      {
        "name": "Uh",
        "file": {},
        "index": 12,
        "phonemes": [
          "uh",
          "u",
          "er"
        ],
        "description": "Neutral open mouth"
      },
      {
        "name": "W-Oo",
        "file": {},
        "index": 13,
        "phonemes": [
          "w",
          "oo",
          "qu"
        ],
        "description": "Very rounded lips"
      }
    ]
  },
  "files": []
}